{"cameraMode":{"drawMode":0,"name":"Shaded","section":"Shading Mode"},"sceneLighting":false,"audioPlay":false,"sceneViewState":{"showFog":true,"showMaterialUpdate":false,"showSkybox":true,"showFlares":true,"showImageEffects":true,"showParticleSystems":true},"in2DMode":false,"pivot":{"x":4.154305934906006,"y":0.6162093877792358,"z":-6.705733299255371},"rotation":{"x":0.06534898281097412,"y":0.7097113728523254,"z":-0.06641571968793869,"w":0.6983102560043335},"size":6.381407737731934,"orthographic":false}